PRD A,PRD B,PRD C,PRD D,PRD E
155,159,163,,166
181,119,103,158,135
183,170,174,112,195
193,156,187,123,143
154,,134,194,164
200,123,162,122,194
183,195,149,173,105
145,184,172,191,180
142,114,100,119,189
111,179,191,106,123
174,178,181,101,184
175,192,105,104,190
133,139,149,180,117
142,132,167,119,182
,105,146,199,101
111,132,152,141,163
185,112,125,195,186
196,194,183,143,153
108,142,113,108,159
116,153,133,162,111
115,160,159,175,118
196,146,154,185,193
132,181,149,,165
141,137,200,138,153
105,110,150,114,192
117,184,183,101,147
198,185,120,197,103
179,128,110,127,186
189,176,177,160,105
134,110,136,114,108
105,195,184,121,153
,157,106,101,129
139,181,134,128,115
162,154,121,,108
125,190,186,169,181
193,162,136,126,110
